doc_id,chain_id,animacy,character,canonical_name,mentions,role,confidence,notes
Novel29,1,1,1,"Mr. Carmichael , rather coldly","Mrs. Carmichael | She | Mr. Carmichael | Carmichael | her | her | Mrs. Carmichael | She | her | she | Mrs. Carmichael | she | her | She | she | she | He | He | He | he | he | him | his | him | he | his | He | he | he | I | she | she | Mrs. Carmichael | Mr. Carmichael | Mr. Carmichael | Mr. Carmichael | She | She | her | Mr. Carmichael | her | her | herself | She | her | her | her | she | him | he | him | his | Mr. Carmichael | Carmichael | Mr. Carmichael | she | I | I | I | I | my | She | she | Carmichael | her | her | Mr. Carmichael | Mr. Carmichael , rather coldly | Mr. Carmichael | Carmichael | Mr. Carmichael | Mr. Carmichael | herself | Mr. Carmichael | her | Mr. Carmichael",Ally,,
Novel29,2,1,1,"her with the quiet , clear look Miss Minchin particularly disliked","Sara | her | her | Sara | she | me | Sara | Sara | her | she | Sara | Sara | her | she | her | She | her | her | me | she | her | her | she | her | her | her | her | she | her | you who are my friend | you who are my friend | she | her | Sara | She | she | I | I | Sara | me | my | I | Sara for something | Sara | her | Sara | she | She | I | she | I | I | her | you | Sara | Sara | her | She | she | her | she | She | Her | Sara sit down again , and held her hands in his -- which was another trick of her papa | Sara 's | Sara 's | Sara 's | themselves | she | her | she | Sara 's | my | she | I | me | Sara herself | Sara | Sara | Sara 's | her with the quiet , clear look Miss Minchin particularly disliked | Sara | her | She | she | she | she | she | She | I | she | You | your | she | I | she | she | her | her | her | Sara -- `` that you feel now that you are a princess again | Sara | she | her | I | she | I | I | her | She | her | She | her | She | her | her | her | us | Sara | Sara | she | Sara | Sara | her | she | her | her | her | she | she | she | her | Sara | herself | Sara | herself | Sara 's | Sara | she | Sara 's | Sara | I | Sara | I | my | Sara | Sara | her | She | her | Sara | the Princess Sara | Sara and the Indian gentleman | Sara | Sara | Sara | her | I | she | I | I | I | Sara | she | she | She | I | she | she | I | I | Sara | Sara | I | Sara , smiling ; `` and I can give buns and bread to the populace | Sara | I | she | her | her | her | Sara | her | she | Sara | her | I | I | she | Sara | I | I | Sara -- `` but you look rosier and -- well , better than you did that -- that -- '' | Sara | I | I | me | Me , miss | Me | Sara | her | Sara | she | herself | she | She | She | She | she | Sara | she | Sara in an instant | Sara | her | her | I | Sara | I | Sara | she | her | she | her | she",Hero,,
Novel29,3,0,0,millions and millions of diamonds in the mines,millions and millions of diamonds in the mines | they,,,
Novel29,4,0,0,once,once | once | once | once | once,,,
Novel29,5,0,0,the square,the square,,,
Novel29,6,0,0,her warm arms,her warm arms | her arms | his arms,,,
Novel29,7,0,0,The excitement of the totally unexpected discovery,The excitement of the totally unexpected discovery | her excitement,,,
Novel29,8,0,0,the attic with no one but Melchisedec for a friend,the attic with no one but Melchisedec for a friend,,,
Novel29,9,0,0,the totally unexpected discovery,the totally unexpected discovery,,,
Novel29,10,0,0,no one but Melchisedec for a friend,no one but Melchisedec for a friend,,,
Novel29,11,1,1,"`` Mr. Carrisford , madam , '' he said , ``","Mr. Carrisford | my | he | I | I | Mr. Carrisford | He | him | Mr. Carrisford 's | Mr. Carrisford | Mr. Carrisford | Carrisford | Mr. Carrisford | me | YOU | YOU | he | his | his | `` Mr. Carrisford , madam , '' he said , `` | Mr. Carrisford | Carrisford | an intimate friend of the late Captain Crewe | He | his partner in certain large investments | his | he | Mr. Carrisford 's | Mr. Carrisford | he | he | he | he | Mr. Carrisford a guardian as well as a friend | He | Mr. Carrisford | Mr. Carrisford | his | Mr. Carrisford | Mr. Carrisford thought they were ruined | Mr. Carrisford | Mr. Carrisford | Mr. Carrisford | he | his | Mr. Carrisford 's | He | Mr. Carrisford , looking up from his book | Mr. Carrisford | Carrisford | his | his | he | Mr. Carrisford | Carrisford",,,non char
Novel29,12,0,0,no one,no one,,,
Novel29,13,0,0,his weak condition,his weak condition,,,
Novel29,14,0,0,Melchisedec for a friend,Melchisedec for a friend,,,
Novel29,15,1,0,his,his,,,
Novel29,16,1,0,the cook,the cook,,,
Novel29,17,0,0,my word,my word,,,
Novel29,18,0,0,hundred and fifty thousand,hundred and fifty thousand | thousand,,,
Novel29,19,1,0,the little girl,the little girl | the little girl,,,
Novel29,20,0,0,another room,another room | the room | the room | the room | the room,,,
Novel29,21,0,0,sight of her,sight of her | her sight,,,
Novel29,22,1,0,Janet who led her away,I | Janet | Janet who led her away | her | she,,,
Novel29,23,0,0,care of her,care of her | my care,,,
Novel29,24,0,0,a hundred and fifty thousand times more,a hundred and fifty thousand times more,,,
Novel29,25,0,0,a few minutes,a few minutes | a few minutes,,,
Novel29,26,0,0,more,more,,,
Novel29,27,0,0,her tomorrow afternoon,her tomorrow afternoon,,,
Novel29,28,1,0,We,We | we,,,
Novel29,29,1,0,you,you | You | you,,,
Novel29,30,0,0,the uproar,the uproar,,,
Novel29,31,0,0,this,this,,,
Novel29,32,1,1,HE the wicked friend,Donald | his | his | I | I | my | he | me | You | he | HE the wicked friend,,,Non char
Novel29,33,0,0,his hands,his hands,,,
Novel29,34,0,0,his pockets,his pockets,,,
Novel29,35,0,0,the mood to face anything more than she was facing in her room,the mood to face anything more than she was facing in her room,,,
Novel29,36,0,0,Sara with reflecting and self-reproachful eyes,Sara with reflecting and self-reproachful eyes,,,
Novel29,37,0,0,"her room , whimsical little gifts tucked under pillows","her room | her room , whimsical little gifts tucked under pillows | her room | I | it | I | you | there back room",,,
Novel29,38,1,1,I know she was only half fed,Sara | Sara Crewe | Sara Crewe 's | Sara Crewe | her | her | her | her | her | her | she | her | she | she | she | her | her | her | she | Sara Crewe | Sara Crewe | she | she | her | I know she was only half fed | she,,,Non Char
Novel29,39,0,0,self-reproachful eyes,self-reproachful eyes,,,
Novel29,40,0,0,the news,the news | it,,,
Novel29,41,0,0,your name,your name | it,,,
Novel29,42,0,0,the walls,the walls,,,
Novel29,43,1,0,your,your | you | you | you,,,
Novel29,44,0,0,some mysterious manner,some mysterious manner,,,
Novel29,45,0,0,bed talking about it,bed talking about it,,,
Novel29,46,0,0,my sixpence,my sixpence,,,
Novel29,47,0,0,almost midnight,almost midnight | it,,,
Novel29,48,0,0,"the entire seminary , realizing somehow that all rules were laid aside","the entire seminary , realizing somehow that all rules were laid aside",,,
Novel29,49,0,0,the entire seminary,the entire seminary,,,
Novel29,50,0,0,a minute,a minute,,,
Novel29,51,0,0,"the letter containing a story which was quite as wonderful as any Sara herself had ever invented , and which had the amazing charm of having happened to Sara herself and the mystic Indian gentleman in the very next house","the letter containing a story which was quite as wonderful as any Sara herself had ever invented , and which had the amazing charm of having happened to Sara herself and the mystic Indian gentleman in the very next house",,,
Novel29,52,0,0,"a story which was quite as wonderful as any Sara herself had ever invented , and which had the amazing charm of having happened to Sara","a story which was quite as wonderful as any Sara herself had ever invented , and which had the amazing charm of having happened to Sara",,,
Novel29,53,1,0,Sara in her arms,Sara in her arms | her,,,
Novel29,54,0,0,the amazing charm of having happened to Sara,the amazing charm of having happened to Sara,,,
Novel29,55,0,0,herself and the mystic Indian gentleman in the very next house,herself and the mystic Indian gentleman in the very next house,,,
Novel29,56,0,0,the mystic Indian gentleman,the mystic Indian gentleman,,,
Novel29,57,0,0,the very next house,the very next house | the next house,,,
Novel29,58,0,0,it,it,,,
Novel29,59,0,0,one,one,,,
Novel29,60,0,0,stairs earlier than usual,stairs earlier than usual | stairs,,,
Novel29,61,0,0,one thing,one thing,,,
Novel29,62,0,0,the little magic room,the little magic room | it | it | It,,,
Novel29,63,0,0,a glance,a glance,,,
Novel29,64,0,0,The library door,the closed door of the library | The library door,,,
Novel29,65,0,0,the library,the library,,,
Novel29,66,1,1,the wicked friend,the wicked friend | his friend 's | my friend | my friend | his | my friend,,,Mr Carrisford
Novel29,67,0,0,do,do | my | she,,,
Novel29,68,0,0,Sara 's sake,Sara 's sake,,,
Novel29,69,0,0,the last flight of stairs,the last flight of stairs,,,
Novel29,70,0,0,a lump in her throat and tears,a lump in her throat and tears,,,
Novel29,71,0,0,her throat and tears,her throat and tears,,,
Novel29,72,0,0,your papa 's money,your papa 's money | it | her money | her money,,,
Novel29,73,0,0,Tonight I,"no fire tonight , and no rosy lamp ; no supper | Tonight I",,,
Novel29,74,1,0,your papa 's,your papa 's | your papa,,,
Novel29,75,0,0,fire tonight,fire tonight,,,
Novel29,76,1,0,your,your | your,,,
Novel29,77,0,0,The lamp,no rosy lamp | The lamp,,,
Novel29,78,0,0,the supper,no supper | the supper,,,
Novel29,79,0,0,the glow reading,the glow reading,,,
Novel29,80,0,0,stories -- no princess,stories -- no princess,,,
Novel29,81,0,0,his grief,his grief,,,
Novel29,82,0,0,a,a | she,,,
Novel29,83,0,0,a time,a time | a time,,,
Novel29,84,0,0,the attic door,the attic door | the door,,,
Novel29,85,0,0,his right mind,his right mind,,,
Novel29,86,0,0,a low cry,a low cry,,,
Novel29,87,0,0,brain fever,brain fever | brain fever,,,
Novel29,88,1,1,your poor papa,your poor papa | me | He | he | He | he | he | his | he | he | her papa | your poor papa,Neutral,,
Novel29,89,0,0,her startled face,her startled face,,,
Novel29,90,1,1,Missee sahib,Missee sahib | the sahib | The sahib | him | missee sahib | Sahib,Hero,,
Novel29,91,0,0,France,France,,,
Novel29,92,1,0,you,you | you | you | You,,,
Novel29,93,0,0,the good fortune which has befallen her,the good fortune which has befallen her,,,
Novel29,94,1,0,his friend 's poor child,you | you | you | you | his friend 's poor child | you | a little girl | you | you | your | you | a little girl,,,
Novel29,95,0,0,school in France,school in France | the school | the school,,,
Novel29,96,0,0,a letter,a letter,,,
Novel29,97,0,0,the tray,the tray,,,
Novel29,98,0,0,false clues,false clues,,,
Novel29,99,0,0,tomorrow,tomorrow,,,
Novel29,100,0,0,the attendant of missee sahib,the attendant of missee sahib,,,
Novel29,101,0,0,the roof,the roof,,,
Novel29,102,0,0,this,this | it,,,
Novel29,103,0,0,a beaming face,a beaming face,,,
Novel29,104,1,1,Ram Dass,Ram Dass | Ram Dass | he | Ram Dass | he | my | Ram Dass | Ram Dass | Ram Dass | he | I | he | he | Ram Dass | Ram Dass | his | Ram Dass | He | he | I | Ram Dass | he | his | Ram Dass | his | his | him | Ram Dass | he | he | his | Ram Dass,Ally,,
Novel29,105,0,0,a little salaam,a little salaam,,,
Novel29,106,0,0,your attic window,your attic window | the window | her window | the window,,,
Novel29,107,0,0,"the skylight , when the banquet had come to its disastrous conclusion","the skylight | the skylight | the skylight | the skylight , when the banquet had come to its disastrous conclusion | the skylight",,,
Novel29,108,0,0,an agile silentness of movement which showed Becky how easily he had done it before,an agile silentness of movement which showed Becky how easily he had done it before,,,
Novel29,109,0,0,a start of joy,a start of joy | it,,,
Novel29,110,0,0,her whole look,her whole look,,,
Novel29,111,0,0,the nursery of the Large Family,the nursery of the Large Family,,,
Novel29,112,1,0,the Large Family,the Large Family | the Large Family | her | she | her | her | she | she | her | my | she | her | the Large Family | Large Family,,,
Novel29,113,0,0,they,they,,,
Novel29,114,0,0,again the things,things | the things | things | these things | again the things | the things | things,,,
Novel29,115,0,0,such delights as resulted from an intimate acquaintance with the little-girl-who-was-not-a-beggar,such delights as resulted from an intimate acquaintance with the little-girl-who-was-not-a-beggar,,,
Novel29,116,0,0,an intimate acquaintance with the little-girl-who-was-not-a-beggar,an intimate acquaintance with the little-girl-who-was-not-a-beggar | her | her | her,,,
Novel29,117,0,0,the little-girl-who-was-not-a-beggar,the little-girl-who-was-not-a-beggar,,,
Novel29,118,0,0,The mere fact of her sufferings and adventures,The mere fact of her sufferings and adventures | this fact | the beginning of all that followed,,,
Novel29,119,0,0,her sufferings and adventures,her sufferings and adventures,,,
Novel29,120,0,0,the dream that came true,the dream that came true | the dream | the dream,,,
Novel29,121,0,0,a priceless possession,a priceless possession,,,
Novel29,122,1,0,`` Yes,yes | He | he | him | he | `` Yes,,,
Novel29,123,0,0,one,one | it,,,
Novel29,124,0,0,"a warm fire in a big , glowing room","a warm fire in a big , glowing room",,,
Novel29,125,1,0,you,you,,,
Novel29,126,0,0,"a big , glowing room","a big , glowing room",,,
Novel29,127,0,0,an attic,an attic,,,
Novel29,128,0,0,one,one,,,
Novel29,129,0,0,a gesture,a gesture,,,
Novel29,130,0,0,one,one,,,
Novel29,131,0,0,one 's,one 's,,,
Novel29,132,0,0,its coldness and bareness,its coldness and bareness,,,
Novel29,133,1,0,you,you | my | she | my,,,
Novel29,134,0,0,one heard about the sparrows and things one,one heard about the sparrows and things one,,,
Novel29,135,0,0,the sparrows and things one,the sparrows and things one,,,
Novel29,136,1,1,`` The Indian gentleman .,the Indian gentleman | he | his | The Indian gentleman | himself | The Indian gentleman | He | a man who had naturally a rather hot temper | he | him | he | I | the Indian gentleman | My | Your | The Indian gentleman | his | the Indian gentleman | his | he | the Indian gentleman | the Indian gentleman | `` The Indian gentleman . | the Indian gentleman | him | his | the Indian gentleman | the Indian gentleman | the Indian gentleman | his | the Indian gentleman | his | his | the Indian gentleman | the Indian gentleman | The Indian gentleman 's | the Indian gentleman | him | The Indian gentleman | the Indian gentleman,Hero,,
Novel29,137,0,0,the sparrows,the sparrows,,,
Novel29,138,0,0,things one,things one,,,
Novel29,139,0,0,the table,the table,,,
Novel29,140,0,0,one 's head and shoulders,one 's head and shoulders,,,
Novel29,141,0,0,the face,her face | her face | it | his face | the face,,,
Novel29,142,0,0,the story of the banquet and the dream which was true,best | the story of the banquet and the dream which was true | the story,,,
Novel29,143,0,0,his chair,his chair,,,
Novel29,144,0,0,the banquet and the dream,the banquet and the dream,,,
Novel29,145,0,0,her hands clasped together against her breast,her hands clasped together against her breast | her hands,,,
Novel29,146,0,0,the banquet,the banquet | the banquet | its,,,
Novel29,147,0,0,her breast,her breast,,,
Novel29,148,1,0,You,You | YOU | I | he | He | he | him,,,
Novel29,149,0,0,the first time the day,the first time the day,,,
Novel29,150,0,0,a joyful emotional little voice,a joyful emotional little voice,,,
Novel29,151,0,0,Several members of the Large Family,Several members of the Large Family | they,,,
Novel29,152,0,0,"the beautiful , beautiful things","the beautiful , beautiful things",,,
Novel29,153,0,0,them,them,,,
Novel29,154,0,0,the hearth-rug,the hearth-rug,,,
Novel29,155,0,0,her own way,her own way,,,
Novel29,156,0,0,the look she remembered in her father 's eyes -- that look of loving her and wanting to take her in his arms,the look she remembered in her father 's eyes -- that look of loving her and wanting to take her in his arms | It,,,
Novel29,157,0,0,her father 's eyes,her father 's eyes | her eyes | her eyes,,,
Novel29,158,1,0,her father 's,her father 's | his | her father,,,
Novel29,159,0,0,look of loving her and wanting,look of loving her and wanting,,,
Novel29,160,0,0,loving her and wanting,loving her and wanting,,,
Novel29,161,0,0,loving her,loving her,,,
Novel29,162,0,0,"it , Uncle Tom","Now | it , Uncle Tom | it",,,
Novel29,163,0,0,her kneel,her kneel,,,
Novel29,164,1,0,him always,you | your | He | him always | I | he | he | him | he | he | He,,,
Novel29,165,0,0,"your part of it , Uncle Tom","your part of it , Uncle Tom | your part | it",,,
Novel29,166,1,1,Uncle Tom,Uncle Tom | Uncle Tom,,,Non char
Novel29,167,1,0,the dearest friends and lovers in the world,they | the dearest friends and lovers in the world | friends with him | friends,,,
Novel29,168,0,0,the world,the world,,,
Novel29,169,1,0,your,your | them,,,
Novel29,170,0,0,one,one | its,,,
Novel29,171,0,0,one,one,,,
Novel29,172,0,0,That,his thin hand | her hand | her hand | her hand | That | my part | his hand | that -- that | her hand | it | it,,,
Novel29,173,1,1,The man,The man | himself | his | his | he | he,,,Non char
Novel29,174,1,0,the passers,the passers,,,
Novel29,175,1,0,one child who passed oftener than any one else,one child who passed oftener than any one else | her,,,
Novel29,176,0,0,three weeks,three weeks,,,
Novel29,177,0,0,oftener,oftener,,,
Novel29,178,1,0,his wife,his wife,,,
Novel29,179,0,0,a great deal of a little girl,a great deal of a little girl,,,
Novel29,180,0,0,the incident of his visit,the incident of his visit,,,
Novel29,181,1,0,the `` Little Missus,Here | the `` Little Missus | She | her,,,
Novel29,182,0,0,his visit,his visit,,,
Novel29,183,0,0,the attic in chase of the monkey,the attic in chase of the monkey,,,
Novel29,184,0,0,new things to think of and plan for already,new things to think of and plan for already,,,
Novel29,185,0,0,chase of the monkey,chase of the monkey,,,
Novel29,186,0,0,first,first | first | first | first,,,
Novel29,187,1,0,the monkey,the monkey,,,
Novel29,188,0,0,the first place,the first place,,,
Novel29,189,1,1,Miss Minchin of days in the past,"Miss Minchin | Miss Minchin | Miss Minchin | Miss Minchin | Miss Minchin | I | I | Miss Minchin | Miss Minchin , the proprietress of the Young Ladies ' Seminary | Miss Minchin | Minchin | the proprietress of the Young Ladies ' Seminary | Miss Minchin | Miiss Minchin | Miss Minchin | Miss Minchin | Miss Minchin | Miss Minchin | Miss Minchin | Miss Minchin | Minchin | Miss Minchin | Miss Minchin | a clever woman | my | Miss Minchin | my | Miss Minchin | Minchin | Miss Minchin | Minchin | I | I | Miss Minchin | Minchin | Miss Minchin | Miss Minchin | Miss Minchin | Minchin | Miss Minchin 's | Miss Minchin | Miss Minchin , acidly , as Ram Dass salaamed her out of the room | Miss Minchin | Minchin | acidly , as Ram Dass salaamed her out of the room | Miss Minchin | you | you | a hard woman , Maria Minchin | a hard woman | Maria Minchin | you | a hard , selfish , worldly woman | Miss Minchin | her | her | Miss Minchin 's | she | I | she | Miss Minchin | she | Miss Minchin herself | she | she | She | she | her | She | Miss Minchin | she | she | her | her | Miss Minchin , in looking out of her window | Miss Minchin | Minchin | her | she | Miss Minchin of days in the past | she",Adversary,,
Novel29,190,0,0,"its cheerless look , and the bearing of the child , who seemed as if she was not of the class of those who were treated as drudges and servants","its cheerless look , and the bearing of the child , who seemed as if she was not of the class of those who were treated as drudges and servants",,,
Novel29,191,0,0,its cheerless look,its cheerless look,,,
Novel29,192,0,0,the change which had taken place in the fortunes of her pupil,the change which had taken place in the fortunes of her pupil,,,
Novel29,193,0,0,the fortunes of her pupil,the fortunes of her pupil,,,
Novel29,194,0,0,"the bearing of the child , who seemed as if she was not of the class of those who were treated as drudges and servants","the bearing of the child , who seemed as if she was not of the class of those who were treated as drudges and servants",,,
Novel29,195,0,0,her pupil,her pupil | her pupil,,,
Novel29,196,0,0,"the child , who seemed as if she was not of the class of those who were treated as drudges and servants","the child , who seemed as if she was not of the class of those who were treated as drudges and servants",,,
Novel29,197,0,0,the seminary,the seminary,,,
Novel29,198,0,0,the class of those who were treated as drudges and servants,the class of those who were treated as drudges and servants,,,
Novel29,199,0,0,those who were treated as drudges and servants,those who were treated as drudges and servants,,,
Novel29,200,0,0,that point,that point,,,
Novel29,201,0,0,drudges and servants,drudges and servants,,,
Novel29,202,0,0,"Bit by bit , Ram Dass","Bit by bit , Ram Dass | it",,,
Novel29,203,0,0,"bit , Ram Dass","bit , Ram Dass",,,
Novel29,204,0,0,discoveries concerning the wretchedness of her life,discoveries concerning the wretchedness of her life,,,
Novel29,205,0,0,the wretchedness of her life,the wretchedness of her life,,,
Novel29,206,1,0,her life,her life,,,
Novel29,207,0,0,how easy,how easy,,,
Novel29,208,0,0,a matter it was to climb across the few yards of roof to the skylight,a matter it was to climb across the few yards of roof to the skylight,,,
Novel29,209,0,0,my fault,it | my fault | it,,,
Novel29,210,0,0,the few yards of roof,the few yards of roof,,,
Novel29,211,0,0,one day,one day | it | it,,,
Novel29,212,0,0,the slates,the slates | the slates,,,
Novel29,213,0,0,search of her pupil,search of her pupil,,,
Novel29,214,0,0,a fire when she is out on some errand,a fire when she is out on some errand,,,
Novel29,215,0,0,some errand,some errand,,,
Novel29,216,0,0,an astonishing thing,an astonishing thing,,,
Novel29,217,0,0,One of the housemaids,One of the housemaids,,,
Novel29,218,1,0,a magician,a magician | a magician,,,
Novel29,219,0,0,the area,the area,,,
Novel29,220,0,0,something hidden under her cloak,something hidden under her cloak,,,
Novel29,221,0,0,The idea,The idea | it,,,
Novel29,222,0,0,her cloak,her cloak,,,
Novel29,223,0,0,Mr. Carrisford 's sad face,Mr. Carrisford 's sad face,,,
Novel29,224,0,0,a smile,a smile,,,
Novel29,225,0,0,the steps of the next door,the steps of the next door | the steps | the steps,,,
Novel29,226,0,0,the next door,the next door,,,
Novel29,227,0,0,enlarged upon it,enlarged upon it | it,,,
Novel29,228,0,0,your house,the house | the house | your house,,,
Novel29,229,0,0,What,What | what | What,,,
Novel29,230,1,0,his master,his master,,,
Novel29,231,1,1,poor Miss Amelia,Miss Amelia | I | I | Miss Amelia | she | her | herself | She | her | Amelia and I | Amelia | Miss Amelia | poor Miss Amelia | I | I | Miss Amelia | I | I | me | `` Amelia | Miss Amelia 's | her | She | She | she | She | us both | She | her | her | her | she | herself | she | She | she | her | she | herself | her | our | we | us | she | her | her | her | Miss Amelia | Miss Amelia,Ally,,
Novel29,232,0,0,numbers of other things,numbers of other things,,,
Novel29,233,0,0,a childlike pleasure and invention,a childlike pleasure and invention,,,
Novel29,234,0,0,"sister , '' answered Miss Amelia","sister , '' answered Miss Amelia",,,
Novel29,235,0,0,the preparations for the carrying out of the plan,the preparations for the carrying out of the plan,,,
Novel29,236,0,0,the carrying out of the plan,the carrying out of the plan,,,
Novel29,237,0,0,India,India | It,,,
Novel29,238,0,0,the plan,the plan,,,
Novel29,239,0,0,many a day,many a day | day,,,
Novel29,240,0,0,interest which would otherwise have dragged wearily,interest which would otherwise have dragged wearily,,,
Novel29,241,0,0,the night of the frustrated banquet,the night of the frustrated banquet,,,
Novel29,242,0,0,the frustrated banquet,the frustrated banquet,,,
Novel29,243,0,0,readiness in the attic which was his own,readiness in the attic which was his own,,,
Novel29,244,0,0,his sympathies,his sympathies,,,
Novel29,245,0,0,their own,his own | their own,,,
Novel29,246,0,0,some such impertinent fashion,some such impertinent fashion,,,
Novel29,247,1,0,the person who was to help him,the person who was to help him | him | himself,,,
Novel29,248,0,0,two hours,two hours,,,
Novel29,249,0,0,the odd adventure,the odd adventure,,,
Novel29,250,0,0,"the matter , Carmichael , ''","the matter | the matter , Carmichael , '' | the matter | it | the matter",,,
Novel29,251,0,0,her intrusion,her intrusion,,,
Novel29,252,0,0,its disastrous conclusion,its disastrous conclusion,,,
Novel29,253,0,0,a footstool close,a footstool close | it,,,
Novel29,254,0,0,Mr. Carrisford 's knee,Mr. Carrisford 's knee | his knee | my knee | his knee,,,
Novel29,255,0,0,the profoundness of Sara 's wearied sleep,the profoundness of Sara 's wearied sleep,,,
Novel29,256,0,0,some of the many things,some of the many things | he,,,
Novel29,257,0,0,Sara 's wearied sleep,Sara 's wearied sleep,,,
Novel29,258,0,0,the many things,the many things,,,
Novel29,259,0,0,a dark lantern,a dark lantern,,,
Novel29,260,1,1,his companion,his companion | him | his companion,,,
Novel29,261,0,0,the visitor 's arrival,the visitor 's arrival,,,
Novel29,262,1,0,the visitor 's,the visitor 's,,,
Novel29,263,0,0,the ordinary signs of child terror,the ordinary signs of child terror,,,
Novel29,264,0,0,the lantern-slide and lain flat upon the floor,the lantern-slide and lain flat upon the floor,,,
Novel29,265,1,0,child terror,child terror,,,
Novel29,266,0,0,the floor,the floor,,,
Novel29,267,0,0,These and many other exciting things the children,These and many other exciting things the children,,,
Novel29,268,0,0,a sternly dignified manner,a sternly dignified manner,,,
Novel29,269,0,0,These,These | you who were my friend,,,
Novel29,270,0,0,many other exciting things the children,many other exciting things the children,,,
Novel29,271,0,0,a thousand questions,a thousand questions,,,
Novel29,272,0,0,explanations to make,explanations to make,,,
Novel29,273,1,0,such friends,such friends | they,,,
Novel29,274,0,0,the Young Ladies ' Seminary,the Young Ladies ' Seminary,,,
Novel29,275,0,0,each other,each other | no other,,,
Novel29,276,1,0,the Young Ladies ',the Young Ladies ',,,
Novel29,277,0,0,a wonderful way,a wonderful way | that way,,,
Novel29,278,1,0,The Indian gentleman had never,The Indian gentleman had never | he | he | he | he | He | he | he | he | he,,,
Novel29,279,0,0,a moment in silent scrutiny,a moment in silent scrutiny | the moment,,,
Novel29,280,0,0,a companion he liked quite as much as he liked Sara,a companion he liked quite as much as he liked Sara,,,
Novel29,281,0,0,naturally a rather hot temper,naturally a rather hot temper | it | his temper,,,
Novel29,282,0,0,a month 's time,a month 's time,,,
Novel29,283,0,0,a month 's,a month 's,,,
Novel29,284,0,0,the better of him,the better of him,,,
Novel29,285,1,0,a new man,a new man,,,
Novel29,286,0,0,an actual pleasure,an actual pleasure,,,
Novel29,287,0,0,that case,that case,,,
Novel29,288,0,0,the possession of the wealth he had imagined that he loathed the burden of,the possession of the wealth he had imagined that he loathed the burden of,,,
Novel29,289,0,0,the wealth he had imagined that he loathed the burden of,the wealth he had imagined that he loathed the burden of,,,
Novel29,290,1,0,you,you | you,,,
Novel29,291,0,0,the right time,the right time | that time | it,,,
Novel29,292,0,0,the burden,the burden,,,
Novel29,293,1,0,"My solicitor , Mr. Carmichael","My solicitor , Mr. Carmichael",,,
Novel29,294,1,0,My solicitor,My solicitor | him,,,
Novel29,295,0,0,so many charming things,so many charming things,,,
Novel29,296,0,0,a little joke between them,a little joke between them | it,,,
Novel29,297,1,0,them,them | they | they,,,
Novel29,298,0,0,the point of going to see you,the point of going to see you,,,
Novel29,299,0,0,one of his pleasures to invent things to surprise her,one of his pleasures to invent things to surprise her,,,
Novel29,300,0,0,Mr. Carrisford in amazement,Mr. Carrisford in amazement,,,
Novel29,301,0,0,"beautiful new flowers growing in her room , whimsical little gifts tucked under pillows","beautiful new flowers growing in her room , whimsical little gifts tucked under pillows",,,
Novel29,302,0,0,a matter of duty,a matter of duty,,,
Novel29,303,0,0,one,one,,,
Novel29,304,0,0,whimsical little gifts tucked under pillows,whimsical little gifts tucked under pillows,,,
Novel29,305,1,0,you,you,,,
Novel29,306,0,0,pillows,pillows,,,
Novel29,307,0,0,the forwardness of one of my pupils -- a charity pupil,the forwardness of one of my pupils -- a charity pupil | she,,,
Novel29,308,0,0,a charity pupil,a charity pupil,,,
Novel29,309,0,0,the scratch of a heavy paw,the scratch of a heavy paw,,,
Novel29,310,0,0,my knowledge,my knowledge,,,
Novel29,311,0,0,a heavy paw,a heavy paw,,,
Novel29,312,0,0,a great dog -- a splendid Russian boarhound --,a great dog -- a splendid Russian boarhound --,,,
Novel29,313,0,0,a splendid Russian boarhound,a splendid Russian boarhound,,,
Novel29,314,0,0,a grand silver and gold collar bearing an inscription,a grand silver and gold collar bearing an inscription,,,
Novel29,315,1,0,You,You,,,
Novel29,316,0,0,an inscription,an inscription,,,
Novel29,317,0,0,Boris,Boris,,,
Novel29,318,0,0,his side,his side,,,
Novel29,319,0,0,more,more,,,
Novel29,320,0,0,the recollection of the little princess,the recollection of the little princess,,,
Novel29,321,0,0,rags and tatters,rags and tatters,,,
Novel29,322,0,0,her senses,her senses,,,
Novel29,323,0,0,"The afternoons in which the Large Family , or Ermengarde and Lottie , gathered to rejoice together","The afternoons in which the Large Family , or Ermengarde and Lottie , gathered to rejoice together",,,
Novel29,324,1,0,"the Large Family , or Ermengarde and Lottie","the Large Family , or Ermengarde and Lottie | their | their",,,
Novel29,325,1,0,you,you | your,,,
Novel29,326,0,0,Her home for the future,Her home for the future | home with me | his home,,,
Novel29,327,0,0,the hours when Sara and the Indian gentleman sat alone and read or talked,the hours when Sara and the Indian gentleman sat alone and read or talked,,,
Novel29,328,0,0,the future,the future,,,
Novel29,329,0,0,a special charm of their own,a special charm of their own,,,
Novel29,330,0,0,amazed indignation,amazed indignation | her indignation,,,
Novel29,331,0,0,their passing many,their passing many,,,
Novel29,332,0,0,this,this,,,
Novel29,333,0,0,interesting things,interesting things | the things she,,,
Novel29,334,0,0,One,One,,,
Novel29,335,0,0,One evening,One evening,,,
Novel29,336,0,0,the Indian gentleman ; `` and get it over as quickly as possible,the Indian gentleman ; `` and get it over as quickly as possible,,,
Novel29,337,0,0,get it over as quickly as possible,get it over as quickly as possible,,,
Novel29,338,0,0,his book,his book,,,
Novel29,339,0,0,some time,some time,,,
Novel29,340,0,0,another trick of her papa,another trick of her papa,,,
Novel29,341,0,0,'s,'s,,,
Novel29,342,0,0,"the quiet , level-toned , steady manner of a man who knew his subject , and all its legal significance , which was a thing","the quiet , level-toned , steady manner of a man who knew his subject , and all its legal significance , which was a thing",,,
Novel29,343,0,0,a bright color,a bright color,,,
Novel29,344,0,0,"a man who knew his subject , and all its legal significance , which was a thing","a man who knew his subject , and all its legal significance , which was a thing",,,
Novel29,345,0,0,her cheek,her cheek,,,
Novel29,346,1,0,a man who knew his subject,a man who knew his subject | he,,,
Novel29,347,0,0,his subject,his subject | its,,,
Novel29,348,0,0,a thing,a thing,,,
Novel29,349,1,0,a child I saw,a child I saw,,,
Novel29,350,1,0,a business woman,a business woman,,,
Novel29,351,0,0,a great many hungry days,a great many hungry days | it,,,
Novel29,352,0,0,a sad tone in his voice,a sad tone in his voice,,,
Novel29,353,0,0,Miss Crewe 's,the late Captain Crewe | Captain Crewe supposed he | Captain Crewe | Miss Crewe 's | Captain Crewe | he | HE | he,,,
Novel29,354,1,0,herself,you | him | herself,,,
Novel29,355,0,0,certain large investments,certain large investments,,,
Novel29,356,0,0,the day the dream came true,the day the dream came true,,,
Novel29,357,0,0,The fortune which Captain Crewe supposed he had lost,The fortune which Captain Crewe supposed he had lost,,,
Novel29,358,0,0,Mr. Carrisford 's hands,Mr. Carrisford 's hands,,,
Novel29,359,0,0,"the story of the bun shop , and the fourpence she picked up out of the sloppy mud , and the child who was hungrier than herself","the story of the bun shop , and the fourpence she picked up out of the sloppy mud , and the child who was hungrier than herself",,,
Novel29,360,0,0,the bun shop,the bun shop | it | it,,,
Novel29,361,0,0,`` The fortune,`` The fortune,,,
Novel29,362,0,0,"the fourpence she picked up out of the sloppy mud , and the child who was hungrier than herself","the fourpence she picked up out of the sloppy mud , and the child who was hungrier than herself",,,
Novel29,363,0,0,the fourpence she picked up out of the sloppy mud,the fourpence she picked up out of the sloppy mud,,,
Novel29,364,1,0,she,she | she,,,
Novel29,365,0,0,the sloppy mud,the sloppy mud,,,
Novel29,366,0,0,that exclamation,the exclamation | that exclamation,,,
Novel29,367,0,0,`` Sara 's fortune ! '',`` Sara 's fortune ! '' | It | Sara 's fortune | It | Sara 's fortune now | it,,,
Novel29,368,0,0,few words,few words,,,
Novel29,369,0,0,the carpet,the carpet,,,
Novel29,370,0,0,Certain events,Certain events,,,
Novel29,371,0,0,a kind of plan,a kind of plan | it,,,
Novel29,372,0,0,The diamond mines,The diamond mines | diamond mines | The diamond mines | diamond mines | diamond mines | the mines,,,
Novel29,373,0,0,`` The diamond mines,`` The diamond mines,,,
Novel29,374,0,0,this,this,,,
Novel29,375,0,0,a low tone,a low tone,,,
Novel29,376,1,0,that,You | you | I | I | I | I | me | I | that,,,
Novel29,377,1,0,you,you | you,,,
Novel29,378,1,0,he,he,,,
Novel29,379,0,0,"a rather sly , unlawyer-like smile","a rather sly , unlawyer-like smile",,,
Novel29,380,0,0,"many princesses , Miss Minchin , who are richer than your little charity pupil , Sara Crewe , will be","many princesses , Miss Minchin , who are richer than your little charity pupil , Sara Crewe , will be",,,
Novel29,381,0,0,so much money,so much money | it | it | it | it | it | it,,,
Novel29,382,1,0,many princesses,many princesses,,,
Novel29,383,1,0,"your little charity pupil , Sara Crewe","your little charity pupil , Sara Crewe",,,
Novel29,384,1,0,the bun - woman,the bun - woman | her | she | she,,,
Novel29,385,1,0,your little charity pupil,your little charity pupil,,,
Novel29,386,1,0,your,your,,,
Novel29,387,1,0,hungry children -- particularly on those dreadful days --,hungry children -- particularly on those dreadful days -- | them | them,,,
Novel29,388,0,0,those dreadful days,those dreadful days | the dreadful days,,,
Novel29,389,0,0,nearly two years,nearly two years,,,
Novel29,390,0,0,last,last,,,
Novel29,391,0,0,something to eat,something to eat,,,
Novel29,392,0,0,the bills,the bills,,,
Novel29,393,0,0,one,one,,,
Novel29,394,1,0,You,You,,,
Novel29,395,0,0,matters,matters,,,
Novel29,396,0,0,her fully,her fully | it,,,
Novel29,397,0,0,tomorrow morning,tomorrow morning,,,
Novel29,398,1,0,my dear,you | You | my dear | my | he | him,,,
Novel29,399,0,0,Sara 's future,Sara 's future,,,
Novel29,400,0,0,one,one,,,
Novel29,401,0,0,her tenfold,her tenfold,,,
Novel29,402,1,0,her guardian 's,a guardian | her guardian 's,,,
Novel29,403,1,0,a friend,a friend | a friend,,,
Novel29,404,0,0,one,one,,,
Novel29,405,0,0,this footstool,this footstool,,,
Novel29,406,1,0,you,you,,,
Novel29,407,0,0,one desperate effort,one desperate effort,,,
Novel29,408,0,0,her worldly folly,her worldly folly,,,
Novel29,409,0,0,buns and bread,buns and bread,,,
Novel29,410,0,0,the populace,the populace,,,
Novel29,411,0,0,the stool,the stool,,,
Novel29,412,0,0,"the Indian gentleman -LRB- he used to like her to call him that , too , sometimes -RRB-","the Indian gentleman -LRB- he used to like her to call him that , too , sometimes -RRB- | his",,,
Novel29,413,0,0,her small dark head,her small dark head,,,
Novel29,414,0,0,the streets,the streets | the streets,,,
Novel29,415,0,0,her hair,her hair,,,
Novel29,416,1,0,starving in the streets,starving in the streets | she | her | She | she | She | a parlor boarder | She | her | I,,,
Novel29,417,0,0,The next morning,The next morning,,,
Novel29,418,0,0,your attic,your attic,,,
Novel29,419,1,0,your,your,,,
Novel29,420,0,0,my charge,my charge | it,,,
Novel29,421,0,0,"The Indian gentleman 's carriage , with its tall horses","The Indian gentleman 's carriage , with its tall horses",,,
Novel29,422,0,0,The Indian gentleman 's carriage,The Indian gentleman 's carriage | its | its | it | her carriage | the carriage | the carriage,,,
Novel29,423,0,0,its tall horses,its tall horses,,,
Novel29,424,0,0,the door of the next house,the door of the next house,,,
Novel29,425,0,0,her age,age | her age,,,
Novel29,426,0,0,"its owner and a little figure , warm with soft , rich furs","its owner and a little figure , warm with soft , rich furs",,,
Novel29,427,0,0,its owner and a little figure,its owner and a little figure,,,
Novel29,428,1,0,its owner,its owner,,,
Novel29,429,0,0,her education,her education,,,
Novel29,430,0,0,The little figure,a little figure | The little figure | It | It,,,
Novel29,431,0,0,"soft , rich furs","soft , rich furs",,,
Novel29,432,0,0,The law,The law | the law | it,,,
Novel29,433,0,0,my behalf '',my behalf '',,,
Novel29,434,0,0,one,one,,,
Novel29,435,0,0,a familiar one,a familiar one | the one | it | it,,,
Novel29,436,0,0,the sort,the sort,,,
Novel29,437,0,0,days in the past,days in the past,,,
Novel29,438,0,0,the past,the past,,,
Novel29,439,0,0,that,you | that,,,
Novel29,440,0,0,another as familiar -- the sight of which she found very irritating,another as familiar -- the sight of which she found very irritating,,,
Novel29,441,0,0,the sight of which she found very irritating,the sight of which she found very irritating,,,
Novel29,442,0,0,"Becky , who , in the character of delighted attendant , always accompanied her young mistress to her carriage , carrying wraps and belongings","Becky , who , in the character of delighted attendant , always accompanied her young mistress to her carriage , carrying wraps and belongings",,,
Novel29,443,1,0,the character of delighted attendant,the character of delighted attendant | her,,,
Novel29,444,1,0,her young mistress,her young mistress | her,,,
Novel29,445,1,0,herself,you | she | I | YOU | she | I | herself | she | I | me,,,
Novel29,446,0,0,belongings,belongings,,,
Novel29,447,1,0,you,you | your | your | you,,,
Novel29,448,0,0,"a pink , round face","a pink , round face",,,
Novel29,449,0,0,round face,a pink | round face,,,
Novel29,450,0,0,your progress,your progress,,,
Novel29,451,0,0,A little later the carriage,A little later the carriage | its,,,
Novel29,452,0,0,And,And | themselves,,,
Novel29,453,0,0,the door of the baker 's shop,the door of the baker 's shop,,,
Novel29,454,0,0,the baker 's shop,the baker 's shop | the shop | the shop an | the shop,,,
Novel29,455,1,0,the baker 's,the baker 's,,,
Novel29,456,0,0,its occupants,its occupants,,,
Novel29,457,0,0,Sara 's green-gray eyes,Sara 's green-gray eyes | that,,,
Novel29,458,1,0,the bun-woman,the bun-woman | the bun-woman | I,,,
Novel29,459,0,0,a tray of smoking-hot buns,a tray of smoking-hot buns,,,
Novel29,460,0,0,"the quiet , clear look Miss Minchin particularly disliked","the quiet , clear look Miss Minchin particularly disliked",,,
Novel29,461,0,0,smoking-hot buns,smoking-hot buns | the buns | the buns | the buns | the buns,,,
Novel29,462,1,1,"the woman , `` I told her to come when she was hungry , and when she 'd come I 'd give her odd jobs to do ; an ' I found she was willing , and somehow I got to like her ; and the end of it was , I 've given her a place an ' a home , and she helps me , an ' behaves well , an ' is as thankful as a girl can be","the woman | the woman | The woman | her | me | she | she | me | I | myself | my | me | I | I | the woman | you | the woman | the woman , `` I told her to come when she was hungry , and when she 'd come I 'd give her odd jobs to do ; an ' I found she was willing , and somehow I got to like her ; and the end of it was , I 've given her a place an ' a home , and she helps me , an ' behaves well , an ' is as thankful as a girl can be | the woman | I | I | I | I | I | me",Ally,,
Novel29,463,0,0,the counter,the counter | the counter | the counter | the counter,,,
Novel29,464,1,0,the cleverest child in the school,You | you | the cleverest child in the school | you | your | your,,,
Novel29,465,0,0,a moment,a moment,,,
Novel29,466,0,0,it,it,,,
Novel29,467,0,0,her good - natured face,her good - natured face,,,
Novel29,468,1,1,The children,children | them | their children | the children | The children | they | the children,,,
Novel29,469,0,0,best for them,best for them,,,
Novel29,470,1,0,you,you,,,
Novel29,471,0,0,six,six | it | it,,,
Novel29,472,0,0,"yet -- '' `` Yes , ''","yet -- '' `` Yes , '' | me | I | I | She | her",,,
Novel29,473,1,0,you,you | you | her,,,
Novel29,474,0,0,your duty,your duty,,,
Novel29,475,0,0,six buns for fourpence,six buns for fourpence,,,
Novel29,476,0,0,five of 'em,five of 'em,,,
Novel29,477,0,0,a beggar child,a beggar child,,,
Novel29,478,0,0,a step,a step,,,
Novel29,479,1,0,"you , Miss Minchin","Emily | you , Miss Minchin",,,
Novel29,480,0,0,Melchisedec,Melchisedec | Melchisedec,,,
Novel29,481,0,0,the day,the day | the day,,,
Novel29,482,0,0,her next words,her next words,,,
Novel29,483,0,0,the street,the street,,,
Novel29,484,0,0,"the cold , hungry hours she had spent alone with Emily and Melchisedec in the attic","the cold , hungry hours she had spent alone with Emily and Melchisedec in the attic",,,
Novel29,485,0,0,"your pardon , sir","your pardon , sir",,,
Novel29,486,0,0,Emily and Melchisedec,Emily and Melchisedec,,,
Novel29,487,0,0,your pardon,your pardon,,,
Novel29,488,0,0,the attic which was his own,the attic | the attic | the attic | its | the attic which was his own,,,
Novel29,489,1,0,your,your | you | you | you | you | you | you | you | they,,,
Novel29,490,0,0,many young people that notices a hungry face in that way,many young people that notices a hungry face in that way,,,
Novel29,491,0,0,notices a hungry face,notices a hungry face,,,
Novel29,492,0,0,a hungry face,a hungry face | it,,,
Novel29,493,1,0,You,You | you | you | me | he,,,
Novel29,494,0,0,the time she,many a time | the time she | it,,,
Novel29,495,0,0,the liberty,the liberty | that,,,
Novel29,496,0,0,A hot flush,A hot flush | itself,,,
Novel29,497,0,0,`` I,"-- well , better than you | `` I",,,
Novel29,498,0,0,"Miss Minchin 's hard , angry face","Miss Minchin 's hard , angry face",,,
Novel29,499,1,0,your companions,your companions,,,
Novel29,500,0,0,"Ermengarde , `` with the Indian gentleman","Ermengarde | Ermengarde | Ermengarde , `` with the Indian gentleman | Ermengarde | round Ermengarde | Ermengarde",,,
Novel29,501,1,1,Lottie,Lottie | Lottie | she | she | her | she | Lottie,Neutral,,
Novel29,502,1,0,Ermengarde and Lottie,Ermengarde and Lottie | Ermengarde and Lottie,,,
Novel29,503,1,0,you,you,,,
Novel29,504,0,0,anyone she wishes to see,anyone she wishes to see,,,
Novel29,505,0,0,her little proposal concerning the dreadful days and the hungry waifs and the buns,her little proposal concerning the dreadful days and the hungry waifs and the buns,,,
Novel29,506,0,0,The parents of Miss Crewe 's fellow-pupils,The parents of Miss Crewe 's fellow-pupils | that,,,
Novel29,507,0,0,the dreadful days and the hungry waifs and the buns,the dreadful days and the hungry waifs and the buns,,,
Novel29,508,0,0,Miss Crewe 's fellow-pupils,Miss Crewe 's fellow-pupils,,,
Novel29,509,0,0,the hungry waifs and the buns,the hungry waifs and the buns,,,
Novel29,510,0,0,her invitations,her invitations,,,
Novel29,511,0,0,the hungry waifs,the hungry waifs,,,
Novel29,512,0,0,her guardian 's house,her guardian 's house,,,
Novel29,513,0,0,an astonished face,an astonished face | it | it,,,
Novel29,514,0,0,This,This,,,
Novel29,515,0,0,a pleasure to me to do it,a pleasure to me to do it,,,
Novel29,516,0,0,the eccentric bachelor uncle who might have a peppery temper and be easily offended at the treatment of his niece,the eccentric bachelor uncle who might have a peppery temper and be easily offended at the treatment of his niece,,,
Novel29,517,0,0,a peppery temper,a peppery temper,,,
Novel29,518,0,0,the treatment of his niece,the treatment of his niece,,,
Novel29,519,1,0,his niece,his niece,,,
Novel29,520,0,0,a working-woman myself,a working-woman myself,,,
Novel29,521,1,0,A woman of sordid mind,A woman of sordid mind | her | she | she | I,,,
Novel29,522,0,0,much,much,,,
Novel29,523,1,0,most people,most people | their,,,
Novel29,524,0,0,my own account,my own account,,,
Novel29,525,0,0,sights of trouble on every side,sights of trouble on every side,,,
Novel29,526,0,0,trouble on every side,trouble on every side,,,
Novel29,527,0,0,a little heiress of diamond mines,a little heiress of diamond mines,,,
Novel29,528,1,0,you,you | you | you | you | your | you,,,
Novel29,529,0,0,certain of her patrons,certain of her patrons,,,
Novel29,530,0,0,"many a bit of bread since that wet afternoon , just","many a bit of bread since that wet afternoon , just | you -- an '",,,
Novel29,531,0,0,her patrons,her patrons,,,
Novel29,532,0,0,a bit,a bit,,,
Novel29,533,0,0,bread since that wet afternoon,bread since that wet afternoon,,,
Novel29,534,0,0,many unpleasant things,many unpleasant things,,,
Novel29,535,0,0,that wet afternoon,that wet afternoon,,,
Novel29,536,1,0,You,You | you,,,
Novel29,537,0,0,o ' thinking of you -- an ' how wet an,o ' thinking of you -- an ' how wet an,,,
Novel29,538,0,0,an easy charge,an easy charge,,,
Novel29,539,0,0,an,an | an | an | an | she | an | an,,,
Novel29,540,0,0,the room ; `` you will discover that very soon,the room ; `` you will discover that very soon,,,
Novel29,541,1,1,She used to see through us both -- '' `` Amelia,The child | The child | a clever child | she | her | her | she | her | She used to see through us both -- '' `` Amelia | her | she | her | her | she | the child | she | her | the child | she | she | she | the child who was hungrier than herself,,,
Novel29,542,0,0,neither truthful nor grateful,neither truthful nor grateful,,,
Novel29,543,0,0,your hot buns,your hot buns,,,
Novel29,544,1,0,no princess,you | you | a princess | a princess | no princess | no princess | She | she | her | She | She | her | She | She | a princess | a princess,,,
Novel29,545,0,0,this,this,,,
Novel29,546,0,0,a little,a little | a little | a little,,,
Novel29,547,0,0,her pet fancy,her pet fancy,,,
Novel29,548,0,0,strangers -- even nice ones --,strangers -- even nice ones --,,,
Novel29,549,0,0,the ravenous child 's ragged lap,the ravenous child 's ragged lap,,,
Novel29,550,0,0,nice ones,nice ones,,,
Novel29,551,1,0,the ravenous child 's,the ravenous child 's | she | I,,,
Novel29,552,0,0,a low voice,a low voice | his voice,,,
Novel29,553,0,0,coldest and hungriest,coldest and hungriest,,,
Novel29,554,0,0,coldest,coldest,,,
Novel29,555,0,0,hungriest,hungriest,,,
Novel29,556,1,0,Many 's the time she,Many 's the time she | me of it | she | her | her,,,
Novel29,557,0,0,the wet,the wet,,,
Novel29,558,0,0,a wolf,a wolf,,,
Novel29,559,0,0,her poor young insides,her poor young insides,,,
Novel29,560,0,0,her sitting room,her sitting room,,,
Novel29,561,0,0,then,then,,,
Novel29,562,0,0,one,one,,,
Novel29,563,1,0,me in the shop an ' in the kitchen,you | I | she | me in the shop an ' in the kitchen | she | She | she | She | she | she | her | She | her | she | her | she | she | her | she | her | her | she | Her | She,,,
Novel29,564,0,0,her all the rest of the afternoon,her all the rest of the afternoon,,,
Novel29,565,0,0,this afternoon,the afternoon | this afternoon,,,
Novel29,566,0,0,more,more,,,
Novel29,567,0,0,more than one bad quarter of an hour,more than one bad quarter of an hour,,,
Novel29,568,0,0,an hour,an hour,,,
Novel29,569,0,0,"that there back room , miss , an ' has been for a month ; an ' a decent , well-meanin ' girl she 's goin ' to turn out , an ' such a help to me in the shop an ' in the kitchen as you 'd scarce believe , knowin ' how she 's lived","that there back room , miss , an ' has been for a month ; an ' a decent , well-meanin ' girl she 's goin ' to turn out , an ' such a help to me in the shop an ' in the kitchen as you 'd scarce believe , knowin ' how she 's lived",,,
Novel29,570,0,0,"that there back room , miss , an ' has been for a month ; an ' a decent , well-meanin ' girl she 's goin ' to turn out","that there back room , miss , an ' has been for a month ; an ' a decent , well-meanin ' girl she 's goin ' to turn out | an",,,
Novel29,571,0,0,a good many tears,a good many tears,,,
Novel29,572,0,0,"an ' has been for a month ; an ' a decent , well-meanin ' girl she 's goin ' to turn out","an ' has been for a month ; an ' a decent , well-meanin ' girl she 's goin ' to turn out",,,
Novel29,573,0,0,a month ; an ',a month ; an ',,,
Novel29,574,0,0,a good deal,a good deal,,,
Novel29,575,0,0,One of her unfortunate remarks,One of her unfortunate remarks | it,,,
Novel29,576,0,0,a decent,a decent,,,
Novel29,577,1,0,her sister to snap her head entirely off,her sister to snap her head entirely off | I | she | I | I | I | I | I | you | her sister | her | her | her,,,
Novel29,578,0,0,well-meanin ' girl she 's goin ' to turn out,well-meanin ' girl she 's goin ' to turn out,,,
Novel29,579,0,0,her head,her head,,,
Novel29,580,0,0,"such a help to me in the shop an ' in the kitchen as you 'd scarce believe , knowin ' how she 's lived","such a help to me in the shop an ' in the kitchen as you 'd scarce believe , knowin ' how she 's lived",,,
Novel29,581,0,0,an unusual manner,an unusual manner,,,
Novel29,582,1,0,"you , sister","you , sister | you | you | you | you",,,
Novel29,583,0,0,the kitchen,the kitchen,,,
Novel29,584,1,0,you,you,,,
Novel29,585,0,0,the door of the little back parlor,the door of the little back parlor | it | the beggar-child,,,
Novel29,586,0,0,the little back parlor,the little back parlor,,,
Novel29,587,0,0,fear of making you angry,fear of making you angry | it | it,,,
Novel29,588,0,0,the next minute a girl,the next minute a girl,,,
Novel29,589,1,0,the girl,a girl | her | a girl | the girl,,,
Novel29,590,1,0,both of us,both of us,,,
Novel29,591,0,0,"the beggar-child , clean and neatly clothed","the beggar-child , clean and neatly clothed",,,
Novel29,592,0,0,a long time,a long time,,,
Novel29,593,0,0,a nice face,a nice face,,,
Novel29,594,0,0,a savage,a savage,,,
Novel29,595,0,0,the wild look,the wild look,,,
Novel29,596,0,0,"a child of her age , and I know she was only half fed -- ''","a child of her age , and I know she was only half fed -- ''",,,
Novel29,597,0,0,"her age , and I know she was only half fed -- ''","her age , and I know she was only half fed -- ''",,,
Novel29,598,0,0,an instant,an instant,,,
Novel29,599,0,0,only half fed,only half fed,,,
Novel29,600,1,0,You,You,,,
Novel29,601,0,0,such a thing,such a thing,,,
Novel29,602,0,0,a kind,a kind,,,
Novel29,603,0,0,her odd jobs,her odd jobs,,,
Novel29,604,0,0,whatever,whatever,,,
Novel29,605,0,0,an ' I found she was willing,an ' I found she was willing | it,,,
Novel29,606,1,0,a clever child and a good child,a clever child and a good child,,,
Novel29,607,1,0,a good child,a good child,,,
Novel29,608,0,0,an ' behaves well,the end of it | an ' behaves well,,,
Novel29,609,1,0,us both,you | you | you | you | you | us both,,,
Novel29,610,0,0,"a place an ' a home , and she helps me","a place an ' a home , and she helps me",,,
Novel29,611,0,0,"a home , and she helps me","a home , and she helps me",,,
Novel29,612,0,0,The fact,The fact,,,
Novel29,613,0,0,that reason,that reason,,,
Novel29,614,1,0,Anne,Anne | Anne,,,
Novel29,615,0,0,Her name 's Anne .,Her name 's Anne .,,,
Novel29,616,1,1,Becky how easily he had done it before,"Becky | Becky , who had heard it also | Becky | She | She | Becky how easily he had done it before | Becky , who , in the character of delighted attendant , always accompanied her young mistress to her carriage , carrying wraps | Becky | Becky",Ally,,
Novel29,617,0,0,a weak fool,elder | I | a weak fool,,,
Novel29,618,0,0,her ears,her ears,,,
Novel29,619,0,0,each other,each other,,,
Novel29,620,0,0,her cap,her cap,,,
Novel29,621,0,0,her muff,her muff,,,
Novel29,622,0,0,Miss Amelia 's disappointment,Miss Amelia 's disappointment,,,
Novel29,623,0,0,her hysterical enough not to care what occurred next,her hysterical enough not to care what occurred next,,,
Novel29,624,0,0,each other 's eyes,each other 's eyes,,,
Novel29,625,0,0,each other 's,each other 's,,,
Novel29,626,1,0,you,you,,,
Novel29,627,1,0,Mrs. Brown,Mrs. Brown,,,
Novel29,628,1,0,"a hard-hearted , worldly woman","a hard-hearted , worldly woman",,,
Novel29,629,1,0,our,we | our,,,
Novel29,630,1,0,bread to the children,bread to the children,,,
Novel29,631,1,0,us,us,,,
Novel29,632,0,0,our knees,our knees,,,
Novel29,633,1,1,the little princess,a little princess | a little princess | the little princess,Hero,,
Novel29,634,1,0,a beggar,a beggar,,,
Novel29,635,0,0,her hysterics,her hysterics | hysterics,,,
Novel29,636,0,0,the better of the poor woman,the better of the poor woman,,,
Novel29,637,1,0,the poor woman,the poor woman | me,,,
Novel29,638,0,0,laugh and cry,laugh and cry,,,
Novel29,639,1,0,you,you | she | her | her | she | she | she,,,
Novel29,640,0,0,some other school,some other school | it | it | it,,,
Novel29,641,0,0,her and her money,her and her money,,,
Novel29,642,0,0,so much noise,so much noise | the noise,,,
Novel29,643,0,0,her hysterical chokes,her hysterical chokes,,,
Novel29,644,0,0,"that her sister was obliged to go to her and apply salts and sal volatile to quiet her , instead of pouring forth her indignation","that her sister was obliged to go to her and apply salts and sal volatile to quiet her , instead of pouring forth her indignation",,,
Novel29,645,0,0,salts and sal volatile to quiet,salts and sal volatile to quiet,,,
Novel29,646,0,0,her audacity,her audacity,,,
Novel29,647,0,0,"the elder Miss Minchin actually began to stand a little in awe of a sister who , while she looked so foolish , was evidently not quite so foolish as she looked , and might , consequently , break out and speak truths people","the elder Miss Minchin actually began to stand a little in awe of a sister who , while she looked so foolish , was evidently not quite so foolish as she looked , and might , consequently , break out and speak truths people",,,
Novel29,648,0,0,awe of a sister,awe of a sister,,,
Novel29,649,1,0,a sister,a sister | she | she,,,
Novel29,650,1,0,truths people,truths people | people,,,
Novel29,651,0,0,That evening,That evening | It | it | an expression of delighted excitement | the evening | it,,,
Novel29,652,0,0,the pupils,the pupils | their,,,
Novel29,653,0,0,the fire in the schoolroom,the fire in the schoolroom | the fire | the fire,,,
Novel29,654,0,0,the schoolroom,the schoolroom | the schoolroom,,,
Novel29,655,0,0,their custom,their custom,,,
Novel29,656,0,0,a letter in her hand and a queer expression,a letter in her hand and a queer expression | this letter | it | it,,,
Novel29,657,0,0,her hand and a queer expression,her hand and a queer expression,,,
Novel29,658,0,0,a queer expression,a queer expression,,,
Novel29,659,0,0,her round face,her round face,,,
Novel29,660,0,0,a kind of shock,a kind of shock,,,
Novel29,661,0,0,these two,two | it | these two,,,
Novel29,662,0,0,three,three,,,
Novel29,663,0,0,two or three voices,two or three voices,,,
Novel29,664,0,0,the row that,the row that | the row | that,,,
Novel29,665,0,0,Lavinia,Lavinia,,,
Novel29,666,0,0,a row,a row,,,
Novel29,667,0,0,Miss Minchin 's room,Miss Minchin 's room,,,
Novel29,668,0,0,something like hysterics,something like hysterics,,,
Novel29,669,0,0,them,them | them,,,
Novel29,670,0,0,half of them,half | half | half of them,,,
Novel29,671,1,1,Jessie,Jessie | Jessie | I | herself,Neutral,,
Novel29,672,1,0,she,she,,,
Novel29,673,1,0,us,us | us | them | They | them | they,,,
Novel29,674,0,0,a perfect babel,a perfect babel,,,
Novel29,675,0,0,the most important and self - explaining thing,the most important and self - explaining thing | the thing | it,,,
Novel29,676,0,0,mouths and open eyes,mouths and open eyes,,,
Novel29,677,0,0,mouths,mouths,,,
Novel29,678,0,0,open eyes,open eyes | his eyes,,,
Novel29,679,0,0,It,It,,,
Novel29,680,0,0,"a time , and Mr. Carrisford thought they were ruined -- ''","a time , and Mr. Carrisford thought they were ruined -- ''",,,
